"PMID","Title","Authors","First Author","Journal","Journal Abbreviation","Year","Volume","Issue","Pages","DOI","PMCID","Publication Types","MeSH Terms","Keywords","Abstract","PubMed URL","PMC URL"
"33567185","Once-Weekly Semaglutide in Adults with Overweight or Obesity.","Wilding JPH; Batterham RL; Calanna S; Davies M; Van Gaal LF; Lingvay I; McGowan BM; Rosenstock J; Tran MTD; Wadden TA; Wharton S; Yokote K; Zeuthen N; Kushner RF; STEP 1 Study Group","Wilding JPH","The New England journal of medicine","N Engl J Med","2021","384","11","989-1002","10.1056/NEJMoa2032183","","Journal Article; Multicenter Study; Randomized Controlled Trial; Research Support, Non-U.S. Gov't","Adult; Anti-Obesity Agents; Body Composition; Body Mass Index; Cholelithiasis; Diarrhea; Double-Blind Method; Female; Glucagon-Like Peptide 1; Glucagon-Like Peptides; Healthy Lifestyle; Humans; Injections, Subcutaneous; Lipids; Male; Middle Aged; Nausea; Obesity; Prediabetic State; Weight Loss; Semaglutide","","BACKGROUND: Obesity is a global health challenge with few pharmacologic options. Whether adults with obesity can achieve weight loss with once-weekly semaglutide at a dose of 2.4 mg as an adjunct to lifestyle intervention has not been confirmed.
METHODS: In this double-blind trial, we enrolled 1961 adults with a body-mass index (the weight in kilograms divided by the square of the height in meters) of 30 or greater (≥27 in persons with ≥1 weight-related coexisting condition), who did not have diabetes, and randomly assigned them, in a 2:1 ratio, to 68 weeks of treatment with once-weekly subcutaneous semaglutide (at a dose of 2.4 mg) or placebo, plus lifestyle intervention. The coprimary end points were the percentage change in body weight and weight reduction of at least 5%. The primary estimand (a precise description of the treatment effect reflecting the objective of the clinical trial) assessed effects regardless of treatment discontinuation or rescue interventions.
RESULTS: The mean change in body weight from baseline to week 68 was -14.9% in the semaglutide group as compared with -2.4% with placebo, for an estimated treatment difference of -12.4 percentage points (95% confidence interval [CI], -13.4 to -11.5; P<0.001). More participants in the semaglutide group than in the placebo group achieved weight reductions of 5% or more (1047 participants [86.4%] vs. 182 [31.5%]), 10% or more (838 [69.1%] vs. 69 [12.0%]), and 15% or more (612 [50.5%] vs. 28 [4.9%]) at week 68 (P<0.001 for all three comparisons of odds). The change in body weight from baseline to week 68 was -15.3 kg in the semaglutide group as compared with -2.6 kg in the placebo group (estimated treatment difference, -12.7 kg; 95% CI, -13.7 to -11.7). Participants who received semaglutide had a greater improvement with respect to cardiometabolic risk factors and a greater increase in participant-reported physical functioning from baseline than those who received placebo. Nausea and diarrhea were the most common adverse events with semaglutide; they were typically transient and mild-to-moderate in severity and subsided with time. More participants in the semaglutide group than in the placebo group discontinued treatment owing to gastrointestinal events (59 [4.5%] vs. 5 [0.8%]).
CONCLUSIONS: In participants with overweight or obesity, 2.4 mg of semaglutide once weekly plus lifestyle intervention was associated with sustained, clinically relevant reduction in body weight. (Funded by Novo Nordisk; STEP 1 ClinicalTrials.gov number, NCT03548935).","https://pubmed.ncbi.nlm.nih.gov/33567185/",""
"33667417","Semaglutide 2·4 mg once a week in adults with overweight or obesity, and type 2 diabetes (STEP 2): a randomised, double-blind, double-dummy, placebo-controlled, phase 3 trial.","Davies M; Færch L; Jeppesen OK; Pakseresht A; Pedersen SD; Perreault L; Rosenstock J; Shimomura I; Viljoen A; Wadden TA; Lingvay I; STEP 2 Study Group","Davies M","Lancet (London, England)","Lancet","2021","397","10278","971-984","10.1016/S0140-6736(21)00213-0","","Clinical Trial, Phase III; Journal Article; Multicenter Study; Randomized Controlled Trial; Research Support, Non-U.S. Gov't; Equivalence Trial","Adult; Aged; Diabetes Mellitus, Type 2; Double-Blind Method; Female; Glucagon-Like Peptides; Glycated Hemoglobin; Humans; Hypoglycemic Agents; Injections, Subcutaneous; Male; Middle Aged; Obesity; Overweight; Treatment Outcome; Weight Loss; Semaglutide","","BACKGROUND: This trial assessed the efficacy and safety of the GLP-1 analogue once a week subcutaneous semaglutide 2·4 mg versus semaglutide 1·0 mg (the dose approved for diabetes treatment) and placebo for weight management in adults with overweight or obesity, and type 2 diabetes.
METHODS: This double-blind, double-dummy, phase 3, superiority study enrolled adults with a body-mass index of at least 27 kg/m 2 and glycated haemoglobin 7-10% (53-86 mmol/mol) who had been diagnosed with type 2 diabetes at least 180 days before screening. Patients were recruited from 149 outpatient clinics in 12 countries across Europe, North America, South America, the Middle East, South Africa, and Asia. Patients were randomly allocated (1:1:1) via an interactive web-response system and stratified by background glucose-lowering medication and glycated haemoglobin, to subcutaneous injection of semaglutide 2·4 mg, or semaglutide 1·0 mg, or visually matching placebo, once a week for 68 weeks, plus a lifestyle intervention. Patients, investigators, and those assessing outcomes were masked to group assignment. Coprimary endpoints were percentage change in bodyweight and achievement of weight reduction of at least 5% at 68 weeks for semaglutide 2·4 mg versus placebo, assessed by intention to treat. Safety was assessed in all patients who received at least one dose of study drug. This study is registered with ClinicalTrials.gov, NCT03552757 and is closed to new participants.
FINDINGS: From June 4 to Nov 14, 2018, 1595 patients were screened, of whom 1210 were randomly assigned to semaglutide 2·4 mg (n=404), semaglutide 1·0 mg (n=403), or placebo (n=403) and included in the intention-to-treat analysis. Estimated change in mean bodyweight from baseline to week 68 was -9·6% (SE 0·4) with semaglutide 2·4 mg vs -3·4% (0·4) with placebo. Estimated treatment difference for semaglutide 2·4 mg versus placebo was -6·2 percentage points (95% CI -7·3 to -5·2; p<0·0001). At week 68, more patients on semaglutide 2·4 mg than on placebo achieved weight reductions of at least 5% (267 [68·8%] of 388 vs 107 [28·5%] of 376; odds ratio 4·88, 95% CI 3·58 to 6·64; p<0·0001). Adverse events were more frequent with semaglutide 2·4 mg (in 353 [87·6%] of 403 patients) and 1·0 mg (329 [81·8%] of 402) than with placebo (309 [76·9%] of 402). Gastrointestinal adverse events, which were mostly mild to moderate, were reported in 256 (63·5%) of 403 patients with semaglutide 2·4 mg, 231 (57·5%) of 402 with semaglutide 1·0 mg, and 138 (34·3%) of 402 with placebo.
INTERPRETATION: In adults with overweight or obesity, and type 2 diabetes, semaglutide 2·4 mg once a week achieved a superior and clinically meaningful decrease in bodyweight compared with placebo.
FUNDING: Novo Nordisk.","https://pubmed.ncbi.nlm.nih.gov/33667417/",""
"33625476","Effect of Subcutaneous Semaglutide vs Placebo as an Adjunct to Intensive Behavioral Therapy on Body Weight in Adults With Overweight or Obesity: The STEP 3 Randomized Clinical Trial.","Wadden TA; Bailey TS; Billings LK; Davies M; Frias JP; Koroleva A; Lingvay I; O'Neil PM; Rubino DM; Skovgaard D; Wallenstein SOR; Garvey WT; STEP 3 Investigators","Wadden TA","JAMA","JAMA","2021","325","14","1403-1413","10.1001/jama.2021.1831","PMC7905697","Clinical Trial, Phase III; Comparative Study; Journal Article; Randomized Controlled Trial","Adult; Anti-Obesity Agents; Cognitive Behavioral Therapy; Combined Modality Therapy; Diet, Reducing; Double-Blind Method; Female; Glucagon-Like Peptide 1; Glucagon-Like Peptides; Humans; Injections, Subcutaneous; Male; Middle Aged; Obesity; Overweight; Weight Loss; Semaglutide","","IMPORTANCE: Weight loss improves cardiometabolic risk factors in people with overweight or obesity. Intensive lifestyle intervention and pharmacotherapy are the most effective noninvasive weight loss approaches.
OBJECTIVE: To compare the effects of once-weekly subcutaneous semaglutide, 2.4 mg vs placebo for weight management as an adjunct to intensive behavioral therapy with initial low-calorie diet in adults with overweight or obesity.
DESIGN, SETTING, AND PARTICIPANTS: Randomized, double-blind, parallel-group, 68-week, phase 3a study (STEP 3) conducted at 41 sites in the US from August 2018 to April 2020 in adults without diabetes (N = 611) and with either overweight (body mass index ≥27) plus at least 1 comorbidity or obesity (body mass index ≥30).
INTERVENTIONS: Participants were randomized (2:1) to semaglutide, 2.4 mg (n = 407) or placebo (n = 204), both combined with a low-calorie diet for the first 8 weeks and intensive behavioral therapy (ie, 30 counseling visits) during 68 weeks.
MAIN OUTCOMES AND MEASURES: The co-primary end points were percentage change in body weight and the loss of 5% or more of baseline weight by week 68. Confirmatory secondary end points included losses of at least 10% or 15% of baseline weight.
RESULTS: Of 611 randomized participants (495 women [81.0%], mean age 46 years [SD, 13], body weight 105.8 kg [SD, 22.9], and body mass index 38.0 [SD, 6.7]), 567 (92.8%) completed the trial, and 505 (82.7%) were receiving treatment at trial end. At week 68, the estimated mean body weight change from baseline was -16.0% for semaglutide vs -5.7% for placebo (difference, -10.3 percentage points [95% CI, -12.0 to -8.6]; P < .001). More participants treated with semaglutide vs placebo lost at least 5% of baseline body weight (86.6% vs 47.6%, respectively; P < .001). A higher proportion of participants in the semaglutide vs placebo group achieved weight losses of at least 10% or 15% (75.3% vs 27.0% and 55.8% vs 13.2%, respectively; P < .001). Gastrointestinal adverse events were more frequent with semaglutide (82.8%) vs placebo (63.2%). Treatment was discontinued owing to these events in 3.4% of semaglutide participants vs 0% of placebo participants.
CONCLUSIONS AND RELEVANCE: Among adults with overweight or obesity, once-weekly subcutaneous semaglutide compared with placebo, used as an adjunct to intensive behavioral therapy and initial low-calorie diet, resulted in significantly greater weight loss during 68 weeks. Further research is needed to assess the durability of these findings.
TRIAL REGISTRATION: ClinicalTrials.gov Identifier: NCT03611582.","https://pubmed.ncbi.nlm.nih.gov/33625476/","https://www.ncbi.nlm.nih.gov/pmc/articles/PMC7905697/"
"33755728","Effect of Continued Weekly Subcutaneous Semaglutide vs Placebo on Weight Loss Maintenance in Adults With Overweight or Obesity: The STEP 4 Randomized Clinical Trial.","Rubino D; Abrahamsson N; Davies M; Hesse D; Greenway FL; Jensen C; Lingvay I; Mosenzon O; Rosenstock J; Rubio MA; Rudofsky G; Tadayon S; Wadden TA; Dicker D; STEP 4 Investigators","Rubino D","JAMA","JAMA","2021","325","14","1414-1425","10.1001/jama.2021.3224","PMC7988425","Clinical Trial, Phase III; Comparative Study; Journal Article; Randomized Controlled Trial; Research Support, Non-U.S. Gov't","Adult; Anti-Obesity Agents; Blood Pressure; Double-Blind Method; Female; Glucagon-Like Peptide 1; Glucagon-Like Peptides; Humans; Injections, Subcutaneous; Male; Middle Aged; Obesity; Overweight; Waist Circumference; Weight Loss; Semaglutide","","IMPORTANCE: The effect of continuing vs withdrawing treatment with semaglutide, a glucagon-like peptide 1 receptor agonist, on weight loss maintenance in people with overweight or obesity is unknown.
OBJECTIVE: To compare continued once-weekly treatment with subcutaneous semaglutide, 2.4 mg, with switch to placebo for weight maintenance (both with lifestyle intervention) in adults with overweight or obesity after a 20-week run-in with subcutaneous semaglutide titrated to 2.4 mg weekly.
DESIGN, SETTING, AND PARTICIPANTS: Randomized, double-blind, 68-week phase 3a withdrawal study conducted at 73 sites in 10 countries from June 2018 to March 2020 in adults with body mass index of at least 30 (or ≥27 with ≥1 weight-related comorbidity) and without diabetes.
INTERVENTIONS: A total of 902 participants received once-weekly subcutaneous semaglutide during run-in. After 20 weeks (16 weeks of dose escalation; 4 weeks of maintenance dose), 803 participants (89.0%) who reached the 2.4-mg/wk semaglutide maintenance dose were randomized (2:1) to 48 weeks of continued subcutaneous semaglutide (n = 535) or switched to placebo (n = 268), plus lifestyle intervention in both groups.
MAIN OUTCOMES AND MEASURES: The primary end point was percent change in body weight from week 20 to week 68; confirmatory secondary end points were changes in waist circumference, systolic blood pressure, and physical functioning (assessed using the Short Form 36 Version 2 Health Survey, Acute Version [SF-36]).
RESULTS: Among 803 study participants who completed the 20-week run-in period (with a mean weight loss of 10.6%) and were randomized (mean age, 46 [SD, 12] years; 634 [79%] women; mean body weight, 107.2 kg [SD, 22.7 kg]), 787 participants (98.0%) completed the trial and 741 (92.3%) completed treatment. With continued semaglutide, mean body weight change from week 20 to week 68 was -7.9% vs +6.9% with the switch to placebo (difference, -14.8 [95% CI, -16.0 to -13.5] percentage points; P < .001). Waist circumference (-9.7 cm [95% CI, -10.9 to -8.5 cm]), systolic blood pressure (-3.9 mm Hg [95% CI, -5.8 to -2.0 mm Hg]), and SF-36 physical functioning score (2.5 [95% CI, 1.6-3.3]) also improved with continued subcutaneous semaglutide vs placebo (all P < .001). Gastrointestinal events were reported in 49.1% of participants who continued subcutaneous semaglutide vs 26.1% with placebo; similar proportions discontinued treatment because of adverse events with continued semaglutide (2.4%) and placebo (2.2%).
CONCLUSIONS AND RELEVANCE: Among adults with overweight or obesity who completed a 20-week run-in period with subcutaneous semaglutide, 2.4 mg once weekly, maintaining treatment with semaglutide compared with switching to placebo resulted in continued weight loss over the following 48 weeks.
TRIAL REGISTRATION: ClinicalTrials.gov Identifier: NCT03548987.","https://pubmed.ncbi.nlm.nih.gov/33755728/","https://www.ncbi.nlm.nih.gov/pmc/articles/PMC7988425/"
"36216945","Two-year effects of semaglutide in adults with overweight or obesity: the STEP 5 trial.","Garvey WT; Batterham RL; Bhatta M; Buscemi S; Christensen LN; Frias JP; Jódar E; Kandler K; Rigas G; Wadden TA; Wharton S; STEP 5 Study Group","Garvey WT","Nature medicine","Nat Med","2022","28","10","2083-2091","10.1038/s41591-022-02026-4","PMC9556320","Journal Article; Randomized Controlled Trial; Research Support, Non-U.S. Gov't","Adult; Diabetes Mellitus, Type 2; Double-Blind Method; Female; Glucagon-Like Peptides; Humans; Hypoglycemic Agents; Male; Middle Aged; Obesity; Overweight; Treatment Outcome; Weight Loss; Semaglutide","","The STEP 5 trial assessed the efficacy and safety of once-weekly subcutaneous semaglutide 2.4 mg versus placebo (both plus behavioral intervention) for long-term treatment of adults with obesity, or overweight with at least one weight-related comorbidity, without diabetes. The co-primary endpoints were the percentage change in body weight and achievement of weight loss of ≥5% at week 104. Efficacy was assessed among all randomized participants regardless of treatment discontinuation or rescue intervention. From 5 October 2018 to 1 February 2019, 304 participants were randomly assigned to semaglutide 2.4 mg (n = 152) or placebo (n = 152), 92.8% of whom completed the trial (attended the end-of-trial safety visit). Most participants were female (236 (77.6%)) and white (283 (93.1%)), with a mean (s.d.) age of 47.3 (11.0) years, body mass index of 38.5 (6.9) kg m -2 and weight of 106.0 (22.0) kg. The mean change in body weight from baseline to week 104 was -15.2% in the semaglutide group (n = 152) versus -2.6% with placebo (n = 152), for an estimated treatment difference of -12.6 %-points (95% confidence interval, -15.3 to -9.8; P < 0.0001). More participants in the semaglutide group than in the placebo group achieved weight loss ≥5% from baseline at week 104 (77.1% versus 34.4%; P < 0.0001). Gastrointestinal adverse events, mostly mild-to-moderate, were reported more often with semaglutide than with placebo (82.2% versus 53.9%). In summary, in adults with overweight (with at least one weight-related comorbidity) or obesity, semaglutide treatment led to substantial, sustained weight loss over 104 weeks versus placebo. NCT03693430.","https://pubmed.ncbi.nlm.nih.gov/36216945/","https://www.ncbi.nlm.nih.gov/pmc/articles/PMC9556320/"
"35131037","Semaglutide once a week in adults with overweight or obesity, with or without type 2 diabetes in an east Asian population (STEP 6): a randomised, double-blind, double-dummy, placebo-controlled, phase 3a trial.","Kadowaki T; Isendahl J; Khalid U; Lee SY; Nishida T; Ogawa W; Tobe K; Yamauchi T; Lim S; STEP 6 investigators","Kadowaki T","The lancet. Diabetes & endocrinology","Lancet Diabetes Endocrinol","2022","10","3","193-206","10.1016/S2213-8587(22)00008-0","","Clinical Trial, Phase III; Journal Article; Randomized Controlled Trial; Research Support, Non-U.S. Gov't; Equivalence Trial","Adolescent; Adult; Diabetes Mellitus, Type 2; Double-Blind Method; Glucagon-Like Peptides; Humans; Hypoglycemic Agents; Obesity; Overweight; Treatment Outcome; Semaglutide","","BACKGROUND: Semaglutide 2·4 mg once weekly has been investigated for weight management in global populations. Differences exist between Asian and non-Asian populations in terms of body composition and definitions of obesity. In the Semaglutide Treatment Effect in People with obesity (STEP) 6 trial, we assessed the effect of semaglutide versus placebo for weight management in adults from east Asia with obesity, with or without type 2 diabetes.
METHODS: This randomised, double-blind, double-dummy, placebo-controlled, phase 3a superiority trial was done at 28 outpatient clinics in Japan and South Korea. Eligible participants were adults (aged ≥18 years in South Korea; ≥20 years in Japan) with a BMI of at least 27·0 kg/m 2 with two or more weight-related comorbidities or a BMI of 35·0 kg/m 2 or more with one or more weight-related comorbidity (one comorbidity had to be either hypertension, dyslipidaemia, or, in Japan only, type 2 diabetes) who had at least one self-reported unsuccessful dietary attempt to lose bodyweight. Participants were randomly assigned (4:1:2:1) to once-weekly subcutaneous semaglutide 2·4 mg or matching placebo, or semaglutide 1·7 mg or matching placebo, plus lifestyle recommendations for 68 weeks. Data for the placebo groups were pooled in statistical analyses. The primary endpoints were percentage change in bodyweight from baseline at week 68 and the proportion of participants who had achieved a reduction of at least 5% of baseline bodyweight at week 68. Change in abdominal visceral fat area was assessed as a supportive secondary endpoint using computed tomography scanning in a subset of participants. Efficacy outcomes were assessed in the full analysis set, which included all randomly assigned participants according to the intention-to-treat principle. Safety was assessed in all participants who received at least one dose of the study drug. This trial was registered with ClinicalTrials.gov, NCT03811574.
FINDINGS: Between Jan 21, 2019 and June 4, 2019, 437 participants were screened, of whom 401 were randomly assigned to semaglutide 2·4 mg (n=199), semaglutide 1·7 mg (n=101), or placebo (n=101) and included in the intention-to-treat analysis. Estimated mean change in bodyweight from baseline to week 68 was -13·2% (SEM 0·5) in the semaglutide 2·4 mg group and -9·6% (0·8) in the semaglutide 1·7 mg group versus -2·1% (0·8) in the placebo group (estimated treatment difference [ETD] -11·1 percentage points [95% CI -12·9 to -9·2] for semaglutide 2·4 mg vs placebo; -7·5 percentage points [95% CI -9·6 to -5·4] for semaglutide 1·7 mg vs placebo; both p<0·0001). At week 68, a larger proportion of participants had achieved a 5% or higher reduction in baseline bodyweight in the semaglutide 2·4 mg group (160 [83%] of 193 participants) and semaglutide 1·7 mg group (71 [72%] of 98 participants) than in the placebo group (21 [21%] of 100 participants); odds ratio [OR] 21·7 [95% CI 11·3 to 41·9] for semaglutide 2·4 mg vs placebo; OR 11·1 [95% CI 5·5 to 22·2] for semaglutide 1·7 mg vs placebo; both p<0·0001). Abdominal visceral fat area was reduced by 40·0% (SEM 2·6) among participants in the semaglutide 2·4 mg group and 22·2% (3·7) among participants in the semaglutide 1·7 mg group versus 6·9% (3·8) in the placebo group (ETD -33·2% [95% CI -42·1 to -24·2] for semaglutide 2·4 mg vs placebo; -15·3% [95% CI -25·6 to -4·9] for semaglutide 1·7 mg vs placebo). 171 (86%) of 199 participants in the semaglutide 2·4 mg group, 82 (82%) of 100 participants in the semaglutide 1·7 mg group, and 80 (79%) of 101 participants in the placebo group reported adverse events. Gastrointestinal disorders, which were mostly mild to moderate, were reported in 118 (59%) of 199 participants in the semaglutide 2·4 mg group, 64 (64%) of 100 participants in the semaglutide 1·7 mg group, and 30 (30%) of 101 participants in the placebo group. Adverse events leading to trial product discontinuation occurred in five (3%) of 199 participants in the semaglutide 2·4 mg group, three (3%) of 100 participants in the semaglutide 1·7 mg group, and one (1%) of 101 participants in the placebo group.
INTERPRETATION: Adults from east Asia with obesity, with or without type 2 diabetes, given semaglutide 2·4 mg once a week had superior and clinically meaningful reductions in bodyweight, and greater reductions in abdominal visceral fat area compared with placebo, representing a promising treatment option for weight management in this population.
FUNDING: Novo Nordisk.
TRANSLATIONS: For the Korean and Japanese translations of the abstract see Supplementary Materials section.","https://pubmed.ncbi.nlm.nih.gov/35131037/",""
"35015037","Effect of Weekly Subcutaneous Semaglutide vs Daily Liraglutide on Body Weight in Adults With Overweight or Obesity Without Diabetes: The STEP 8 Randomized Clinical Trial.","Rubino DM; Greenway FL; Khalid U; O'Neil PM; Rosenstock J; Sørrig R; Wadden TA; Wizert A; Garvey WT; STEP 8 Investigators","Rubino DM","JAMA","JAMA","2022","327","2","138-150","10.1001/jama.2021.23619","PMC8753508","Clinical Trial, Phase III; Journal Article; Multicenter Study; Randomized Controlled Trial","Body Weight; Diabetes Mellitus; Diet Therapy; Drug Administration Schedule; Exercise; Female; Glucagon-Like Peptides; Humans; Hypoglycemic Agents; Injections, Subcutaneous; Liraglutide; Male; Middle Aged; Obesity; Odds Ratio; Overweight; Patient Dropouts; Placebos; Treatment Outcome; United States; Weight Loss; Semaglutide","","IMPORTANCE: Phase 3 trials have not compared semaglutide and liraglutide, glucagon-like peptide-1 analogues available for weight management.
OBJECTIVE: To compare the efficacy and adverse event profiles of once-weekly subcutaneous semaglutide, 2.4 mg, vs once-daily subcutaneous liraglutide, 3.0 mg (both with diet and physical activity), in people with overweight or obesity.
DESIGN, SETTING, AND PARTICIPANTS: Randomized, open-label, 68-week, phase 3b trial conducted at 19 US sites from September 2019 (enrollment: September 11-November 26) to May 2021 (end of follow-up: May 11) in adults with body mass index of 30 or greater or 27 or greater with 1 or more weight-related comorbidities, without diabetes (N = 338).
INTERVENTIONS: Participants were randomized (3:1:3:1) to receive once-weekly subcutaneous semaglutide, 2.4 mg (16-week escalation; n = 126), or matching placebo, or once-daily subcutaneous liraglutide, 3.0 mg (4-week escalation; n = 127), or matching placebo, plus diet and physical activity. Participants unable to tolerate 2.4 mg of semaglutide could receive 1.7 mg; participants unable to tolerate 3.0 mg of liraglutide discontinued treatment and could restart the 4-week titration. Placebo groups were pooled (n = 85).
MAIN OUTCOMES AND MEASURES: The primary end point was percentage change in body weight, and confirmatory secondary end points were achievement of 10% or more, 15% or more, and 20% or more weight loss, assessed for semaglutide vs liraglutide at week 68. Semaglutide vs liraglutide comparisons were open-label, with active treatment groups double-blinded against matched placebo groups. Comparisons of active treatments vs pooled placebo were supportive secondary end points.
RESULTS: Of 338 randomized participants (mean [SD] age, 49 [13] years; 265 women [78.4%]; mean [SD] body weight, 104.5 [23.8] kg; mean [SD] body mass index, 37.5 [6.8]), 319 (94.4%) completed the trial, and 271 (80.2%) completed treatment. The mean weight change from baseline was -15.8% with semaglutide vs -6.4% with liraglutide (difference, -9.4 percentage points [95% CI, -12.0 to -6.8]; P < .001); weight change with pooled placebo was -1.9%. Participants had significantly greater odds of achieving 10% or more, 15% or more, and 20% or more weight loss with semaglutide vs liraglutide (70.9% of participants vs 25.6% [odds ratio, 6.3 {95% CI, 3.5 to 11.2}], 55.6% vs 12.0% [odds ratio, 7.9 {95% CI, 4.1 to 15.4}], and 38.5% vs 6.0% [odds ratio, 8.2 {95% CI, 3.5 to 19.1}], respectively; all P < .001). Proportions of participants discontinuing treatment for any reason were 13.5% with semaglutide and 27.6% with liraglutide. Gastrointestinal adverse events were reported by 84.1% with semaglutide and 82.7% with liraglutide.
CONCLUSIONS AND RELEVANCE: Among adults with overweight or obesity without diabetes, once-weekly subcutaneous semaglutide compared with once-daily subcutaneous liraglutide, added to counseling for diet and physical activity, resulted in significantly greater weight loss at 68 weeks.
TRIAL REGISTRATION: ClinicalTrials.gov Identifier: NCT04074161.","https://pubmed.ncbi.nlm.nih.gov/35015037/","https://www.ncbi.nlm.nih.gov/pmc/articles/PMC8753508/"
"36322838","Once-Weekly Semaglutide in Adolescents with Obesity.","Weghuber D; Barrett T; Barrientos-Pérez M; Gies I; Hesse D; Jeppesen OK; Kelly AS; Mastrandrea LD; Sørrig R; Arslanian S; STEP TEENS Investigators","Weghuber D","The New England journal of medicine","N Engl J Med","2022","387","24","2245-2257","10.1056/NEJMoa2208601","PMC9997064","Randomized Controlled Trial; Journal Article; Research Support, Non-U.S. Gov't","Adolescent; Humans; Double-Blind Method; Pediatric Obesity; Weight Loss; Healthy Lifestyle; Body Mass Index; Anti-Obesity Agents; Administration, Cutaneous; Child; Glucagon-Like Peptide-1 Receptor Agonists; Semaglutide","","BACKGROUND: A once-weekly, 2.4-mg dose of subcutaneous semaglutide, a glucagon-like peptide-1 receptor agonist, is used to treat obesity in adults, but assessment of the drug in adolescents has been lacking.
METHODS: In this double-blind, parallel-group, randomized, placebo-controlled trial, we enrolled adolescents (12 to <18 years of age) with obesity (a body-mass index [BMI] in the 95th percentile or higher) or with overweight (a BMI in the 85th percentile or higher) and at least one weight-related coexisting condition. Participants were randomly assigned in a 2:1 ratio to receive once-weekly subcutaneous semaglutide (at a dose of 2.4 mg) or placebo for 68 weeks, plus lifestyle intervention. The primary end point was the percentage change in BMI from baseline to week 68; the secondary confirmatory end point was weight loss of at least 5% at week 68.
RESULTS: A total of 201 participants underwent randomization, and 180 (90%) completed treatment. All but one of the participants had obesity. The mean change in BMI from baseline to week 68 was -16.1% with semaglutide and 0.6% with placebo (estimated difference, -16.7 percentage points; 95% confidence interval [CI], -20.3 to -13.2; P<0.001). At week 68, a total of 95 of 131 participants (73%) in the semaglutide group had weight loss of 5% or more, as compared with 11 of 62 participants (18%) in the placebo group (estimated odds ratio, 14.0; 95% CI, 6.3 to 31.0; P<0.001). Reductions in body weight and improvement with respect to cardiometabolic risk factors (waist circumference and levels of glycated hemoglobin, lipids [except high-density lipoprotein cholesterol], and alanine aminotransferase) were greater with semaglutide than with placebo. The incidence of gastrointestinal adverse events was greater with semaglutide than with placebo (62% vs. 42%). Five participants (4%) in the semaglutide group and no participants in the placebo group had cholelithiasis. Serious adverse events were reported in 15 of 133 participants (11%) in the semaglutide group and in 6 of 67 participants (9%) in the placebo group.
CONCLUSIONS: Among adolescents with obesity, once-weekly treatment with a 2.4-mg dose of semaglutide plus lifestyle intervention resulted in a greater reduction in BMI than lifestyle intervention alone. (Funded by Novo Nordisk; STEP TEENS ClinicalTrials.gov number, NCT04102189.).","https://pubmed.ncbi.nlm.nih.gov/36322838/","https://www.ncbi.nlm.nih.gov/pmc/articles/PMC9997064/"
"40961952","Once-weekly semaglutide 7·2 mg in adults with obesity (STEP UP): a randomised, controlled, phase 3b trial.","Wharton S; Freitas P; Hjelmesæth J; Kabisch M; Kandler K; Lingvay I; Quiroga M; Rosenstock J; Garvey WT; STEP UP trial group","Wharton S","The lancet. Diabetes & endocrinology","Lancet Diabetes Endocrinol","2025","13","11","949-963","10.1016/S2213-8587(25)00226-8","","Journal Article; Randomized Controlled Trial; Clinical Trial, Phase III; Multicenter Study","Adult; Female; Humans; Male; Middle Aged; Anti-Obesity Agents; Double-Blind Method; Drug Administration Schedule; Glucagon-Like Peptides; Obesity; Treatment Outcome; Weight Loss; Glucagon-Like Peptide-1 Receptor Agonists; Glucagon-Like Peptide 1; Semaglutide","","BACKGROUND: Once-weekly subcutaneous semaglutide 2·4 mg is approved for weight management in people with obesity and related complications; however, some individuals do not reach their therapeutic goals with this dose. We aimed to test the efficacy and safety of a higher dose of semaglutide (7·2 mg) in people with obesity.
METHODS: STEP UP was a phase 3b, randomised, double-blind, placebo-controlled and active-controlled trial conducted across 95 hospitals, specialist clinics, and medical centres in 11 countries in adults with BMI 30 kg/m 2 or greater, without diabetes. Participants were randomly assigned (5:1:1) to receive once-weekly subcutaneous semaglutide 7·2 mg, 2·4 mg, or placebo, with a lifestyle intervention, for 72 weeks. Coprimary endpoints were percentage change in bodyweight and the proportion of participants with a bodyweight reduction of 5% or greater for semaglutide 7·2 mg versus placebo from baseline to week 72 (treatment policy estimand). Confirmatory secondary endpoints were percentage change in bodyweight with 7·2 mg versus 2·4 mg, change in waist circumference (cm), and proportion of participants with bodyweight reductions of 10% or greater, 15% or greater, 20% or greater, and 25% or greater versus placebo, and 20% or greater and 25% or greater versus 2·4 mg. Safety was assessed in all participants who received at least one dose of the trial product. This trial is registered with ClinicalTrials.gov (NCT05646706) and is now completed.
FINDINGS: Between Jan 1, 2023, and Nov 26, 2024, 1407 participants were randomly assigned to semaglutide 7·2 mg (n=1005), semaglutide 2·4 mg (n=201), or placebo (n=201). 1037 (73·7%) of 1407 participants were female, the mean age was 47 (SD 12) years, mean bodyweight was 113·0 (24·1) kg, and mean BMI was 39·9 (7·1) kg/m 2 . The mean change in bodyweight was greater with semaglutide 7·2 mg versus 2·4 mg (-18·7% [SE 0·4] vs -15·6% [0·7]; estimated treatment difference [ETD] -3·1% [95% CI -4·7 to -1·6]; p<0·0001) and with semaglutide 7·2 mg versus placebo (-18·7% [0·4] vs -3·9% [0·6]; -14·8% [-16·2 to -13·4]; p<0·0001). Participants in the semaglutide 7·2 mg group were more likely than those in the placebo group to reach bodyweight reductions of 5% or greater (odds ratio 12·1 [95% CI 8·3 to 17·6]; p<0·0001), 10% or greater (14·5 [9·6 to 21·9]; p<0·0001), 15% or greater (20·3 [11·2 to 36·8]; p<0·0001), 20% or greater (27·3 [10·9 to 68·0]; p<0·0001), and 25% or greater (127·4 [36·8 to 441·4]; p<0·0001); and more likely than those in the 2·4 mg group to reach bodyweight reductions of 20% or greater (1·8 [1·3 to 2·4]; p=0·0006) and 25% or greater (2·4 [1·6 to 3·5]; p<0·0001). Improvements in waist circumference were observed with semaglutide 7·2 mg versus placebo (ETD -11·7 cm [95% CI -13·0 to -10·4]; p<0·0001). Gastrointestinal adverse events were more common with semaglutide 7·2 mg (711 [70·8%] of 1004) versus 2·4 mg (123 [61·2%] of 201) or placebo (86 [42·8%] of 201), as was dysaesthesia (230 [22·9%], 12 [6·0%], and one [0·5%], respectively). Serious adverse events were reported by 68 (6·8%) of 1004 participants with semaglutide 7·2 mg, 22 (10·9%) of 201 with semaglutide 2·4 mg, and 11 (5·5%) of 201 with placebo.
INTERPRETATION: Semaglutide 7·2 mg was superior to placebo and 2·4 mg for bodyweight reduction in adults with obesity, while retaining a favourable risk-benefit profile.
FUNDING: Novo Nordisk.
TRANSLATIONS: For the German and Greek translations of the abstract see Supplementary Materials section.","https://pubmed.ncbi.nlm.nih.gov/40961952/",""
"37385278","Oral semaglutide 50 mg taken once per day in adults with overweight or obesity (OASIS 1): a randomised, double-blind, placebo-controlled, phase 3 trial.","Knop FK; Aroda VR; do Vale RD; Holst-Hansen T; Laursen PN; Rosenstock J; Rubino DM; Garvey WT; OASIS 1 Investigators","Knop FK","Lancet (London, England)","Lancet","2023","402","10403","705-719","10.1016/S0140-6736(23)01185-6","","Clinical Trial, Phase III; Journal Article; Randomized Controlled Trial; Research Support, Non-U.S. Gov't; Equivalence Trial","Adult; Humans; Body Weight; Double-Blind Method; Hypoglycemic Agents; Obesity; Overweight; Treatment Outcome; Glucagon-Like Peptides; Administration, Oral; Semaglutide","","BACKGROUND: We assessed the efficacy and safety of the oral glucagon-like peptide-1 analogue, semaglutide 50 mg, taken once per day versus placebo for the treatment of overweight or obesity in adults without type 2 diabetes.
METHODS: This randomised, double-blind, placebo-controlled, phase 3, superiority trial enrolled adults with a BMI of at least 30 kg/m 2 , or at least 27 kg/m 2 with bodyweight-related complications and comorbidities, without type 2 diabetes. The trial was done at 50 outpatient clinics in nine countries across Asia, Europe, and North America. Participants were randomly allocated (1:1) via an interactive web-response system to oral semaglutide escalated to 50 mg, or visually matching placebo, once per day for 68 weeks, plus lifestyle intervention. Group assignment was masked for participants, investigators, and those assessing outcomes. Coprimary endpoints were the percentage change in bodyweight and whether participants reached a bodyweight reduction of at least 5% at week 68 for oral semaglutide 50 mg versus placebo, assessed regardless of treatment discontinuation or use of other bodyweight-lowering therapies (an intention-to-treat analysis). Safety was assessed in participants who received at least one dose of trial drug. This trial, registered with ClinicalTrials.gov (NCT05035095), is now complete.
FINDINGS: From Sept 13 to Nov 22, 2021, 709 participants were screened, of whom 667 were randomly assigned to oral semaglutide 50 mg (n=334) or placebo (n=333). The estimated mean bodyweight change from baseline to week 68 was -15·1% (SE 0·5) with oral semaglutide 50 mg versus -2·4% (0·5) with placebo (estimated treatment difference -12·7 percentage points, 95% CI -14·2 to -11·3; p<0·0001). More participants reached bodyweight reductions of at least 5% (269 [85%] of 317 vs 76 [26%] of 295; odds ratio [OR] 12·6, 95% CI 8·5 to 18·7; p<0·0001), 10% (220 [69%] vs 35 [12%]; OR 14·7, 9·6 to 22·6), 15% (170 [54%] vs 17 [6%]; OR 17·9, 10·4 to 30·7), and 20% (107 [34%] vs 8 [3%]; OR 18·5, 8·8 to 38·9) at week 68 with oral semaglutide 50 mg versus placebo. Adverse events were more frequent with oral semaglutide 50 mg (307 [92%] of 334) than with placebo (285 [86%] of 333). Gastrointestinal adverse events (mostly mild to moderate) were reported in 268 (80%) participants with oral semaglutide 50 mg and 154 (46%) with placebo.
INTERPRETATION: In adults with overweight or obesity without type 2 diabetes, oral semaglutide 50 mg once per day led to a superior and clinically meaningful decrease in bodyweight compared with placebo.
FUNDING: Novo Nordisk.","https://pubmed.ncbi.nlm.nih.gov/37385278/",""
"40934115","Oral Semaglutide at a Dose of 25 mg in Adults with Overweight or Obesity.","Wharton S; Lingvay I; Bogdanski P; Duque do Vale R; Jacob S; Karlsson T; Shaji C; Rubino D; Garvey WT; OASIS 4 Study Group","Wharton S","The New England journal of medicine","N Engl J Med","2025","393","11","1077-1087","10.1056/NEJMoa2500969","","Clinical Trial, Phase II; Journal Article; Multicenter Study; Randomized Controlled Trial","Adult; Aged; Female; Humans; Male; Middle Aged; Administration, Oral; Anti-Obesity Agents; Body Mass Index; Double-Blind Method; Life Style; Obesity; Overweight; Quality of Life; Weight Loss; Dose-Response Relationship, Drug; Glucagon-Like Peptide-1 Receptor Agonists; Glucagon-Like Peptide 1; Treatment Outcome; Semaglutide","","BACKGROUND: Oral semaglutide at a dose of 25 mg may provide an alternative treatment option to injectable semaglutide (2.4 mg) and higher-dose oral semaglutide (50 mg) for persons with overweight or obesity.
METHODS: In a 71-week, double-blind, randomized, placebo-controlled trial conducted at 22 sites in four countries, we enrolled persons without diabetes who had a body-mass index (BMI; the weight in kilograms divided by the square of the height in meters) of 30 or higher or a BMI of 27 or higher with at least one obesity-related complication. The participants were randomly assigned in a 2:1 ratio to receive oral semaglutide (25 mg) or placebo once daily, plus lifestyle interventions. The coprimary end points at week 64 were the percent change in body weight and a reduction of 5% or more in body weight; confirmatory secondary end points included reductions in body weight of 10% or more, 15% or more, and 20% or more and the change in the Impact of Weight on Quality of Life-Lite Clinical Trials Version (IWQOL-Lite-CT) Physical Function score.
RESULTS: A total of 205 participants were randomly assigned to receive oral semaglutide, and 102 to receive placebo. The estimated mean change in body weight from baseline to week 64 was -13.6% in the oral semaglutide group and -2.2% in the placebo group (estimated difference, -11.4 percentage points; 95% confidence interval, -13.9 to -9.0; P<0.001). Participants in the oral semaglutide group were significantly more likely than those in the placebo group to have body-weight reductions of 5% or more, 10% or more, 15% or more, and 20% or more (P<0.001 for all comparisons) and to have an improved IWQOL-Lite-CT Physical Function score (P<0.001). Gastrointestinal adverse events were more common with oral semaglutide than with placebo (74.0% vs. 42.2%).
CONCLUSIONS: Oral semaglutide at a dose of 25 mg once daily resulted in a greater mean reduction in body weight than placebo in participants with overweight or obesity. (Funded by Novo Nordisk; OASIS 4 ClinicalTrials.gov number, NCT05564117.).","https://pubmed.ncbi.nlm.nih.gov/40934115/",""
"37952131","Semaglutide and Cardiovascular Outcomes in Obesity without Diabetes.","Lincoff AM; Brown-Frandsen K; Colhoun HM; Deanfield J; Emerson SS; Esbjerg S; Hardt-Lindberg S; Hovingh GK; Kahn SE; Kushner RF; Lingvay I; Oral TK; Michelsen MM; Plutzky J; Tornøe CW; Ryan DH; SELECT Trial Investigators","Lincoff AM","The New England journal of medicine","N Engl J Med","2023","389","24","2221-2232","10.1056/NEJMoa2307563","","Equivalence Trial; Journal Article; Multicenter Study; Randomized Controlled Trial","Humans; Cardiovascular Diseases; Diabetes Mellitus, Type 2; Double-Blind Method; Glucagon-Like Peptides; Hypoglycemic Agents; Myocardial Infarction; Obesity; Overweight; Stroke; Glucagon-Like Peptide-1 Receptor Agonists; Cardiovascular Agents; Semaglutide","","BACKGROUND: Semaglutide, a glucagon-like peptide-1 receptor agonist, has been shown to reduce the risk of adverse cardiovascular events in patients with diabetes. Whether semaglutide can reduce cardiovascular risk associated with overweight and obesity in the absence of diabetes is unknown.
METHODS: In a multicenter, double-blind, randomized, placebo-controlled, event-driven superiority trial, we enrolled patients 45 years of age or older who had preexisting cardiovascular disease and a body-mass index (the weight in kilograms divided by the square of the height in meters) of 27 or greater but no history of diabetes. Patients were randomly assigned in a 1:1 ratio to receive once-weekly subcutaneous semaglutide at a dose of 2.4 mg or placebo. The primary cardiovascular end point was a composite of death from cardiovascular causes, nonfatal myocardial infarction, or nonfatal stroke in a time-to-first-event analysis. Safety was also assessed.
RESULTS: A total of 17,604 patients were enrolled; 8803 were assigned to receive semaglutide and 8801 to receive placebo. The mean (±SD) duration of exposure to semaglutide or placebo was 34.2±13.7 months, and the mean duration of follow-up was 39.8±9.4 months. A primary cardiovascular end-point event occurred in 569 of the 8803 patients (6.5%) in the semaglutide group and in 701 of the 8801 patients (8.0%) in the placebo group (hazard ratio, 0.80; 95% confidence interval, 0.72 to 0.90; P<0.001). Adverse events leading to permanent discontinuation of the trial product occurred in 1461 patients (16.6%) in the semaglutide group and 718 patients (8.2%) in the placebo group (P<0.001).
CONCLUSIONS: In patients with preexisting cardiovascular disease and overweight or obesity but without diabetes, weekly subcutaneous semaglutide at a dose of 2.4 mg was superior to placebo in reducing the incidence of death from cardiovascular causes, nonfatal myocardial infarction, or nonfatal stroke at a mean follow-up of 39.8 months. (Funded by Novo Nordisk; SELECT ClinicalTrials.gov number, NCT03574597.).","https://pubmed.ncbi.nlm.nih.gov/37952131/",""
"38740993","Long-term weight loss effects of semaglutide in obesity without diabetes in the SELECT trial.","Ryan DH; Lingvay I; Deanfield J; Kahn SE; Barros E; Burguera B; Colhoun HM; Cercato C; Dicker D; Horn DB; Hovingh GK; Jeppesen OK; Kokkinos A; Lincoff AM; Meyhöfer SM; Oral TK; Plutzky J; van Beek AP; Wilding JPH; Kushner RF","Ryan DH","Nature medicine","Nat Med","2024","30","7","2049-2057","10.1038/s41591-024-02996-7","PMC11271387","Journal Article; Randomized Controlled Trial; Multicenter Study; Research Support, Non-U.S. Gov't","Humans; Glucagon-Like Peptides; Weight Loss; Obesity; Male; Female; Middle Aged; Body Mass Index; Adult; Aged; Treatment Outcome; Double-Blind Method; Cardiovascular Diseases; Semaglutide","","In the SELECT cardiovascular outcomes trial, semaglutide showed a 20% reduction in major adverse cardiovascular events in 17,604 adults with preexisting cardiovascular disease, overweight or obesity, without diabetes. Here in this prespecified analysis, we examined effects of semaglutide on weight and anthropometric outcomes, safety and tolerability by baseline body mass index (BMI). In patients treated with semaglutide, weight loss continued over 65 weeks and was sustained for up to 4 years. At 208 weeks, semaglutide was associated with mean reduction in weight (-10.2%), waist circumference (-7.7 cm) and waist-to-height ratio (-6.9%) versus placebo (-1.5%, -1.3 cm and -1.0%, respectively; P < 0.0001 for all comparisons versus placebo). Clinically meaningful weight loss occurred in both sexes and all races, body sizes and regions. Semaglutide was associated with fewer serious adverse events. For each BMI category (<30, 30 to <35, 35 to <40 and ≥40 kg m - 2 ) there were lower rates (events per 100 years of observation) of serious adverse events with semaglutide (43.23, 43.54, 51.07 and 47.06 for semaglutide and 50.48, 49.66, 52.73 and 60.85 for placebo). Semaglutide was associated with increased rates of trial product discontinuation. Discontinuations increased as BMI class decreased. In SELECT, at 208 weeks, semaglutide produced clinically significant weight loss and improvements in anthropometric measurements versus placebo. Weight loss was sustained over 4 years. ClinicalTrials.gov identifier: NCT03574597 .","https://pubmed.ncbi.nlm.nih.gov/38740993/","https://www.ncbi.nlm.nih.gov/pmc/articles/PMC11271387/"
"37622681","Semaglutide in Patients with Heart Failure with Preserved Ejection Fraction and Obesity.","Kosiborod MN; Abildstrøm SZ; Borlaug BA; Butler J; Rasmussen S; Davies M; Hovingh GK; Kitzman DW; Lindegaard ML; Møller DV; Shah SJ; Treppendahl MB; Verma S; Abhayaratna W; Ahmed FZ; Chopra V; Ezekowitz J; Fu M; Ito H; Lelonek M; Melenovsky V; Merkely B; Núñez J; Perna E; Schou M; Senni M; Sharma K; Van der Meer P; von Lewinski D; Wolf D; Petrie MC; STEP-HFpEF Trial Committees and Investigators","Kosiborod MN","The New England journal of medicine","N Engl J Med","2023","389","12","1069-1084","10.1056/NEJMoa2306963","","Randomized Controlled Trial; Journal Article; Research Support, Non-U.S. Gov't","Humans; Glucagon-Like Peptides; Heart Failure; Obesity; Stroke Volume; Semaglutide","","BACKGROUND: Heart failure with preserved ejection fraction is increasing in prevalence and is associated with a high symptom burden and functional impairment, especially in persons with obesity. No therapies have been approved to target obesity-related heart failure with preserved ejection fraction.
METHODS: We randomly assigned 529 patients who had heart failure with preserved ejection fraction and a body-mass index (the weight in kilograms divided by the square of the height in meters) of 30 or higher to receive once-weekly semaglutide (2.4 mg) or placebo for 52 weeks. The dual primary end points were the change from baseline in the Kansas City Cardiomyopathy Questionnaire clinical summary score (KCCQ-CSS; scores range from 0 to 100, with higher scores indicating fewer symptoms and physical limitations) and the change in body weight. Confirmatory secondary end points included the change in the 6-minute walk distance; a hierarchical composite end point that included death, heart failure events, and differences in the change in the KCCQ-CSS and 6-minute walk distance; and the change in the C-reactive protein (CRP) level.
RESULTS: The mean change in the KCCQ-CSS was 16.6 points with semaglutide and 8.7 points with placebo (estimated difference, 7.8 points; 95% confidence interval [CI], 4.8 to 10.9; P<0.001), and the mean percentage change in body weight was -13.3% with semaglutide and -2.6% with placebo (estimated difference, -10.7 percentage points; 95% CI, -11.9 to -9.4; P<0.001). The mean change in the 6-minute walk distance was 21.5 m with semaglutide and 1.2 m with placebo (estimated difference, 20.3 m; 95% CI, 8.6 to 32.1; P<0.001). In the analysis of the hierarchical composite end point, semaglutide produced more wins than placebo (win ratio, 1.72; 95% CI, 1.37 to 2.15; P<0.001). The mean percentage change in the CRP level was -43.5% with semaglutide and -7.3% with placebo (estimated treatment ratio, 0.61; 95% CI, 0.51 to 0.72; P<0.001). Serious adverse events were reported in 35 participants (13.3%) in the semaglutide group and 71 (26.7%) in the placebo group.
CONCLUSIONS: In patients with heart failure with preserved ejection fraction and obesity, treatment with semaglutide (2.4 mg) led to larger reductions in symptoms and physical limitations, greater improvements in exercise function, and greater weight loss than placebo. (Funded by Novo Nordisk; STEP-HFpEF ClinicalTrials.gov number, NCT04788511.).","https://pubmed.ncbi.nlm.nih.gov/37622681/",""
"38587233","Semaglutide in Patients with Obesity-Related Heart Failure and Type 2 Diabetes.","Kosiborod MN; Petrie MC; Borlaug BA; Butler J; Davies MJ; Hovingh GK; Kitzman DW; Møller DV; Treppendahl MB; Verma S; Jensen TJ; Liisberg K; Lindegaard ML; Abhayaratna W; Ahmed FZ; Ben-Gal T; Chopra V; Ezekowitz JA; Fu M; Ito H; Lelonek M; Melenovský V; Merkely B; Núñez J; Perna E; Schou M; Senni M; Sharma K; van der Meer P; Von Lewinski D; Wolf D; Shah SJ; STEP-HFpEF DM Trial Committees and Investigators","Kosiborod MN","The New England journal of medicine","N Engl J Med","2024","390","15","1394-1407","10.1056/NEJMoa2313917","","Randomized Controlled Trial; Journal Article","Humans; Diabetes Mellitus, Type 2; Double-Blind Method; Glucagon-Like Peptides; Heart Failure; Obesity; Stroke Volume; Glucagon-Like Peptide-1 Receptor Agonists; Semaglutide","","BACKGROUND: Obesity and type 2 diabetes are prevalent in patients with heart failure with preserved ejection fraction and are characterized by a high symptom burden. No approved therapies specifically target obesity-related heart failure with preserved ejection fraction in persons with type 2 diabetes.
METHODS: We randomly assigned patients who had heart failure with preserved ejection fraction, a body-mass index (the weight in kilograms divided by the square of the height in meters) of 30 or more, and type 2 diabetes to receive once-weekly semaglutide (2.4 mg) or placebo for 52 weeks. The primary end points were the change from baseline in the Kansas City Cardiomyopathy Questionnaire clinical summary score (KCCQ-CSS; scores range from 0 to 100, with higher scores indicating fewer symptoms and physical limitations) and the change in body weight. Confirmatory secondary end points included the change in 6-minute walk distance; a hierarchical composite end point that included death, heart failure events, and differences in the change in the KCCQ-CSS and 6-minute walk distance; and the change in the C-reactive protein (CRP) level.
RESULTS: A total of 616 participants underwent randomization. The mean change in the KCCQ-CSS was 13.7 points with semaglutide and 6.4 points with placebo (estimated difference, 7.3 points; 95% confidence interval [CI], 4.1 to 10.4; P<0.001), and the mean percentage change in body weight was -9.8% with semaglutide and -3.4% with placebo (estimated difference, -6.4 percentage points; 95% CI, -7.6 to -5.2; P<0.001). The results for the confirmatory secondary end points favored semaglutide over placebo (estimated between-group difference in change in 6-minute walk distance, 14.3 m [95% CI, 3.7 to 24.9; P = 0.008]; win ratio for hierarchical composite end point, 1.58 [95% CI, 1.29 to 1.94; P<0.001]; and estimated treatment ratio for change in CRP level, 0.67 [95% CI, 0.55 to 0.80; P<0.001]). Serious adverse events were reported in 55 participants (17.7%) in the semaglutide group and 88 (28.8%) in the placebo group.
CONCLUSIONS: Among patients with obesity-related heart failure with preserved ejection fraction and type 2 diabetes, semaglutide led to larger reductions in heart failure-related symptoms and physical limitations and greater weight loss than placebo at 1 year. (Funded by Novo Nordisk; STEP-HFpEF DM ClinicalTrials.gov number, NCT04916470.).","https://pubmed.ncbi.nlm.nih.gov/38587233/",""
"39476339","Once-Weekly Semaglutide in Persons with Obesity and Knee Osteoarthritis.","Bliddal H; Bays H; Czernichow S; Uddén Hemmingsson J; Hjelmesæth J; Hoffmann Morville T; Koroleva A; Skov Neergaard J; Vélez Sánchez P; Wharton S; Wizert A; Kristensen LE; STEP 9 Study Group","Bliddal H","The New England journal of medicine","N Engl J Med","2024","391","17","1573-1583","10.1056/NEJMoa2403664","","Journal Article; Randomized Controlled Trial; Multicenter Study; Clinical Trial, Phase III","Aged; Female; Humans; Male; Middle Aged; Body Mass Index; Combined Modality Therapy; Double-Blind Method; Drug Administration Schedule; Injections, Subcutaneous; Obesity; Osteoarthritis, Knee; Weight Loss; Glucagon-Like Peptide-1 Receptor Agonists; Counseling; Caloric Restriction; Arthralgia; Pain Measurement; Semaglutide","","BACKGROUND: Weight reduction has been shown to alleviate symptoms of osteoarthritis of the knee, including pain. The effect of glucagon-like peptide-1 receptor agonists on outcomes in knee osteoarthritis among persons with obesity has not been well studied.
METHODS: We conducted a 68-week, double-blind, randomized, placebo-controlled trial at 61 sites in 11 countries. Participants with obesity (a body-mass index [BMI; the weight in kilograms divided by the square of the height in meters] of ≥30) and a clinical and radiologic diagnosis of moderate knee osteoarthritis with at least moderate pain were randomly assigned, in a 2:1 ratio, to receive once-weekly subcutaneous semaglutide (2.4 mg) or placebo, in addition to counseling on physical activity and a reduced-calorie diet. The primary end points were the percentage change in body weight and the change in the Western Ontario and McMaster Universities Osteoarthritis Index (WOMAC) pain score (on a scale of 0 to 100, with higher scores reflecting worse outcomes) from baseline to week 68. A key confirmatory secondary end point was the physical-function score on the 36-Item Short Form Health Survey (SF-36), version 2 (on a scale of 0 to 100, with higher scores indicating greater well-being).
RESULTS: A total of 407 participants were enrolled. The mean age was 56 years, the mean BMI 40.3, and the mean WOMAC pain score 70.9. A total of 81.6% of the participants were women. The mean change in body weight from baseline to week 68 was -13.7% with semaglutide and -3.2% with placebo (P<0.001). The mean change in the WOMAC pain score at week 68 was -41.7 points with semaglutide and -27.5 points with placebo (P<0.001). Participants in the semaglutide group had a greater improvement in SF-36 physical-function score than those in the placebo group (mean change, 12.0 points vs. 6.5 points; P<0.001). The incidence of serious adverse events was similar in the two groups. Adverse events that led to permanent discontinuation of the trial regimen occurred in 6.7% of the participants in the semaglutide group and in 3.0% in the placebo group, with gastrointestinal disorders being the most common reason for discontinuation.
CONCLUSIONS: Among participants with obesity and knee osteoarthritis with moderate-to-severe pain, treatment with once-weekly injectable semaglutide resulted in significantly greater reductions in body weight and pain related to knee osteoarthritis than placebo. (Funded by Novo Nordisk; STEP 9 ClinicalTrials.gov number, NCT05064735.).","https://pubmed.ncbi.nlm.nih.gov/39476339/",""
"40353578","Tirzepatide as Compared with Semaglutide for the Treatment of Obesity.","Aronne LJ; Horn DB; le Roux CW; Ho W; Falcon BL; Gomez Valderas E; Das S; Lee CJ; Glass LC; Senyucel C; Dunn JP; SURMOUNT-5 Trial Investigators","Aronne LJ","The New England journal of medicine","N Engl J Med","2025","393","1","26-36","10.1056/NEJMoa2416394","","Clinical Trial, Phase III; Comparative Study; Equivalence Trial; Journal Article; Multicenter Study","Adult; Aged; Female; Humans; Male; Middle Aged; Anti-Obesity Agents; Injections, Subcutaneous; Maximum Tolerated Dose; Obesity; Tirzepatide; Waist Circumference; Weight Loss; Glucagon-Like Peptide-1 Receptor Agonists; Body Weight; Treatment Outcome; Glucagon-Like Peptide 1; Semaglutide","","BACKGROUND: Tirzepatide and semaglutide are highly effective medications for obesity management. The efficacy and safety of tirzepatide as compared with semaglutide in adults with obesity but without type 2 diabetes is unknown.
METHODS: In this phase 3b, open-label, controlled trial, adult participants with obesity but without type 2 diabetes were randomly assigned in a 1:1 ratio to receive the maximum tolerated dose of tirzepatide (10 mg or 15 mg) or the maximum tolerated dose of semaglutide (1.7 mg or 2.4 mg) subcutaneously once weekly for 72 weeks. The primary end point was the percent change in weight from baseline to week 72. Key secondary end points included weight reductions of at least 10%, 15%, 20%, and 25% and a change in waist circumference from baseline to week 72.
RESULTS: A total of 751 participants underwent randomization. The least-squares mean percent change in weight at week 72 was -20.2% (95% confidence interval [CI], -21.4 to -19.1) with tirzepatide and -13.7% (95% CI, -14.9 to -12.6) with semaglutide (P<0.001). The least-squares mean change in waist circumference was -18.4 cm (95% CI, -19.6 to -17.2) with tirzepatide and -13.0 cm (95% CI, -14.3 to -11.7) with semaglutide (P<0.001). Participants in the tirzepatide group were more likely than those in the semaglutide group to have weight reductions of at least 10%, 15%, 20%, and 25%. The most common adverse events in both treatment groups were gastrointestinal, and most were mild to moderate in severity and occurred primarily during dose escalation.
CONCLUSIONS: Among participants with obesity but without diabetes, treatment with tirzepatide was superior to treatment with semaglutide with respect to reduction in body weight and waist circumference at week 72. (Funded by Eli Lilly; SURMOUNT-5 ClinicalTrials.gov number, NCT05822830.).","https://pubmed.ncbi.nlm.nih.gov/40353578/",""
"40544433","Coadministered Cagrilintide and Semaglutide in Adults with Overweight or Obesity.","Garvey WT; Blüher M; Osorto Contreras CK; Davies MJ; Winning Lehmann E; Pietiläinen KH; Rubino D; Sbraccia P; Wadden T; Zeuthen N; Wilding JPH; REDEFINE 1 Study Group","Garvey WT","The New England journal of medicine","N Engl J Med","2025","393","7","635-647","10.1056/NEJMoa2502081","","Journal Article; Randomized Controlled Trial; Multicenter Study; Clinical Trial, Phase III","Adult; Aged; Female; Humans; Male; Middle Aged; Anti-Obesity Agents; Body Mass Index; Double-Blind Method; Obesity; Overweight; Weight Loss; Islet Amyloid Polypeptide; Glucagon-Like Peptide-1 Receptor Agonists; Drug Combinations; Dyslipidemias; Hypertension; Treatment Outcome; Glucagon-Like Peptide 1; Semaglutide","","BACKGROUND: Semaglutide at a dose of 2.4 mg has established weight-loss and cardiovascular benefits, and cagrilintide at a dose of 2.4 mg has shown promising results in early-phase trials; the efficacy of the combination (known as CagriSema) on weight loss in persons with either overweight and coexisting conditions or obesity is unknown.
METHODS: In a phase 3a, 68-week, multicenter, double-blind, placebo-controlled and active-controlled trial, we enrolled adults without diabetes who had a body-mass index (BMI; the weight in kilograms divided by the square of the height in meters) of 30 or higher or a BMI of 27 or higher with at least one obesity-related complication. Participants were randomly assigned in a ratio of 21:3:3:7 to receive the combination of semaglutide at a dose of 2.4 mg and cagrilintide at a dose of 2.4 mg, semaglutide alone at a dose of 2.4 mg, cagrilintide alone at a dose of 2.4 mg, or placebo, plus lifestyle interventions for all groups. The coprimary end points were the relative change in body weight and a reduction of 5% or more in body weight from baseline to week 68 with cagrilintide-semaglutide as compared with placebo. Body-weight reductions of 20% or more, 25% or more, and 30% or more were assessed as confirmatory secondary end points. Effect estimates were assessed with the treatment-policy estimand (consistent with the intention-to-treat principle). Safety was assessed.
RESULTS: A total of 3417 participants underwent randomization, with 2108 assigned to receive cagrilintide-semaglutide, 302 to receive semaglutide, 302 to receive cagrilintide, and 705 to receive placebo. The estimated mean percent change in body weight from baseline to week 68 was -20.4% with cagrilintide-semaglutide as compared with -3.0% with placebo (estimated difference, -17.3 percentage points; 95% confidence interval, -18.1 to -16.6; P<0.001). Participants receiving cagrilintide-semaglutide were more likely than those receiving placebo to reach weight-loss targets of 5% or more, 20% or more, 25% or more, and 30% or more (P<0.001 for all comparisons). Gastrointestinal adverse events (affecting 79.6% in the cagrilintide-semaglutide group and 39.9% in the placebo group), including nausea, vomiting, diarrhea, constipation, or abdominal pain, were mainly transient and mild-to-moderate in severity.
CONCLUSIONS: Cagrilintide-semaglutide provided significant and clinically relevant body-weight reductions in adults with overweight or obesity, as compared with placebo. (Funded by Novo Nordisk; REDEFINE 1 ClinicalTrials.gov number, NCT05567796.).","https://pubmed.ncbi.nlm.nih.gov/40544433/",""
"41161683","Semaglutide for adults living with obesity.","Bracchiglione J; Meza N; Franco JV; Escobar Liquitay CM; Novik A V; Ocara Vargas M; Lazcano G; Poloni D; Rinaldi Langlotz F; Roqué-Figuls M; Munoz SR; Madrid E","Bracchiglione J","The Cochrane database of systematic reviews","Cochrane Database Syst Rev","2025","10","10","CD015092","10.1002/14651858.CD015092.pub2","PMC12571522","Journal Article; Systematic Review; Meta-Analysis","Humans; Randomized Controlled Trials as Topic; Glucagon-Like Peptides; Obesity; Adult; Quality of Life; Weight Loss; Anti-Obesity Agents; Placebos; Bias; Glucagon-Like Peptide-1 Receptor Agonists; Cardiovascular Diseases; Glucagon-Like Peptide 1; Semaglutide","","RATIONALE: Obesity is a complex chronic condition linked to various comorbidities, such as hypertension, diabetes, and dyslipidaemia, with a significant global burden. Semaglutide, a widely used glucagon-like peptide-1 receptor agonist (GLP-1RA), can aid in weight loss by reducing appetite. However, its efficacy remains unclear.
OBJECTIVES: To assess the effects of semaglutide on adults living with obesity.
SEARCH METHODS: We searched CENTRAL, MEDLINE, Embase, LILACS, and two trials registries. The latest search date was 17 December 2024.
ELIGIBILITY CRITERIA: We included randomised controlled trials (RCTs) that compared semaglutide with placebo, structured lifestyle modification programmes, other anti-obesity medications or other GLP-1RAs in adults living with obesity, with a minimum of six months' follow-up.
OUTCOMES: Critical outcomes were weight, adverse events, major adverse cardiovascular events (MACE), quality of life, and mortality. Important outcomes were waist circumference, heart failure, diabetes-related outcomes, blood pressure-related outcomes, liver disease-related outcomes, obstructive sleep apnoea, and lipid metabolism-related outcomes.
RISK OF BIAS: We used the original version of the Cochrane tool for assessing risk of bias in RCTs (RoB 1).
SYNTHESIS METHODS: We synthesised results for each outcome using meta-analysis with a random-effects model. Where this was not possible, we described the results narratively. We used GRADE to assess the certainty of evidence for each outcome. The main comparison of interest in the review is semaglutide versus placebo.
INCLUDED STUDIES: We included 18 RCTs (27,949 participants), with a mean age ranging from 41.0 to 69.5 years, and an average BMI between 31.9 kg/m 2 and 40.3 kg/m 2 . Seventeen RCTs reported that the drug manufacturer had a major role in their design, conduct, analysis, or writing. Seventeen RCTs compared semaglutide versus placebo, at medium- (16 RCTs) or long-term (2 RCTs) follow-up. Other comparators were liraglutide (2 RCTs) and tirzepatide (1 RCT).
SYNTHESIS OF RESULTS: Semaglutide versus placebo (medium term: 6 months to 17 months) At medium-term follow-up, semaglutide reduces percentage body weight (mean difference (MD) -10.73, 95% confidence interval (CI) -12.24 to -9.21; 15 studies, 8651 participants; high-certainty evidence) and increases the proportion of people achieving 5% weight loss (risk ratio (RR) 2.68, 95% CI 2.30 to 3.12; 12 studies, 7458 participants; high-certainty evidence). Semaglutide may increase non-serious adverse events (RR 1.11, 95% CI 1.01 to 1.22; 13 studies, 8443 participants; low-certainty evidence), likely results in little to no absolute difference in adverse events leading to withdrawal (RR 1.84, 95% CI 1.53 to 2.21; 15 studies, 9054 participants; moderate-certainty evidence), and has very uncertain effects on serious adverse events (RR 1.01, 95% CI 0.78 to 1.29; 15 studies, 9054 participants; very low-certainty evidence). Semaglutide likely results in little to no difference in quality of life (SF-36 physical functioning score: MD 2.12, 95% CI 0.95 to 3.28; 9 studies, 6083 participants; moderate-certainty evidence). Semaglutide may result in little to no absolute difference in MACE (RR 0.63, 95% CI 0.44 to 0.90; 9 studies, 7647 participants; low-certainty evidence) and mortality (RR 0.69, 95% CI 0.48 to 0.98; 14 studies, 8953 participants; low-certainty evidence). For most outcomes, the main reasons for downgrading certainty of evidence were related to imprecision and inconsistency. Semaglutide versus placebo (long term: 26 months) At long-term follow-up, semaglutide likely reduces percentage body weight (MD -11.11, 95% CI -16.47 to -5.75; I² = 94%; 2 studies, 15,124 participants; moderate-certainty evidence), and likely increases the proportion of people achieving 5% weight loss (RR 2.74, 95% CI 1.95 to 3.84; 2 studies, 17,876 participants; moderate-certainty evidence). Its effects on non-serious adverse events are very uncertain (RR 1.21, 95% CI 1.10 to 1.34; 1 study, 305 participants; very low-certainty evidence), with likely little to no difference in serious adverse events (RR 0.92, 95% CI 0.88 to 0.95; 2 studies, 17,908 participants; moderate-certainty evidence), and a likely increase in adverse events leading to withdrawal (RR 2.03, 95% CI 1.86 to 2.20; 2 studies, 17,908 participants; moderate-certainty evidence). Semaglutide likely results in little to no clinically significant differences in quality of life (EQ-5D-5L: MD 0.02, 95% CI 0.02 to 0.02; moderate-certainty evidence), MACE (RR 0.81, 95% CI 0.73 to 0.90; moderate-certainty evidence), and mortality (RR 0.82, 95% CI 0.72 to 0.94; moderate-certainty evidence). For most outcomes, the main reasons for downgrading certainty of evidence were related to risk of bias and imprecision.
AUTHORS' CONCLUSIONS: Semaglutide results in a clinically relevant weight loss at medium-term follow-up compared to placebo, which is likely to be sustained in the long term, while taking the drug. While semaglutide increases the risk of adverse events leading to withdrawal, it appears to be of limited clinical relevance in absolute terms at medium-term, and clinically relevant at long-term follow-up. The effects of semaglutide on quality of life, MACE, and mortality are likely limited or uncertain. Most studies were funded by the drug's manufacturer, raising important concerns about conflicts of interest. We identified 46 ongoing studies that may strengthen future evidence syntheses. Further independent studies are needed, particularly in underrepresented populations, to better understand the broader effects of semaglutide in the management of obesity.
FUNDING: This Cochrane review was funded by the World Health Organization (WHO).
REGISTRATION: Original protocol (10.1002/14651858.CD015092) published in September 2022. The modifications to the original protocol were prospectively registered in PROSPERO (CRD420250654193) in February 2025.","https://pubmed.ncbi.nlm.nih.gov/41161683/","https://www.ncbi.nlm.nih.gov/pmc/articles/PMC12571522/"
"39761578","Efficacy and Safety of Glucagon-Like Peptide-1 Receptor Agonists for Weight Loss Among Adults Without Diabetes : A Systematic Review of Randomized Controlled Trials.","Moiz A; Filion KB; Toutounchi H; Tsoukas MA; Yu OHY; Peters TM; Eisenberg MJ","Moiz A","Annals of internal medicine","Ann Intern Med","2025","178","2","199-217","10.7326/ANNALS-24-01590","","Journal Article; Systematic Review","Adult; Humans; Anti-Obesity Agents; Glucagon-Like Peptide-1 Receptor Agonists; Glucagon-Like Peptides; Liraglutide; Obesity; Overweight; Randomized Controlled Trials as Topic; Tirzepatide; Weight Loss; Glucagon-Like Peptide 1; Semaglutide","","BACKGROUND: Recent randomized controlled trials (RCTs) have investigated glucagon-like peptide-1 receptor agonists (GLP-1 RAs) and dual or triple co-agonists for weight loss among adults with overweight or obesity and without diabetes.
PURPOSE: To assess the efficacy and safety of GLP-1 RAs and co-agonists for the treatment of obesity among adults without diabetes.
DATA SOURCES: MEDLINE, Embase, and Cochrane CENTRAL from inception to 4 October 2024.
STUDY SELECTION: Placebo-controlled RCTs in otherwise healthy participants with overweight or obesity.
DATA EXTRACTION: The primary outcome was change in relative or absolute body weight from baseline to maximum on-treatment follow-up. Safety outcomes included death, serious adverse events (SAEs), any adverse events (AEs), and gastrointestinal AEs.
DATA SYNTHESIS: A total of 26 RCTs comprising 15 491 participants (72% female; mean body mass index, 30 to 41 kg/m 2 ; mean age, 34 to 57 years) and 12 agents (3 commercially available agents [liraglutide, semaglutide, and tirzepatide] and 9 premarket agents for long-term weight management) were included. Treatment ranged from 16 to 104 weeks (median, 43 weeks). Compared with placebo, tirzepatide (15 mg once weekly) resulted in weight loss of up to 17.8% (95% CI, 16.3% to 19.3%) after 72 weeks of therapy; semaglutide (2.4 mg once weekly), up to 13.9% (CI, 11.0% to 16.7%) after 68 weeks; and liraglutide (3.0 mg once daily), up to 5.8% (CI, 3.6% to 8.0%) after 26 weeks. Retatrutide (12 mg once weekly) produced greater weight loss of up to 22.1% (CI, 19.3% to 24.9%) after 48 weeks; other novel single and combination GLP-1 agents were also efficacious to varying degrees. Although AEs were frequent (GLP-1 RA vs. placebo: 80% to 97% vs. 63% to 100%), the majority were gastrointestinal-related (47% to 84% vs. 13% to 63%, respectively), most commonly nausea, vomiting, diarrhea, and constipation. AEs requiring treatment discontinuation (0% to 26% vs. 0% to 9%, respectively) and SAEs (0% to 10% vs. 0% to 12%, respectively) were rare.
LIMITATIONS: No head-to-head RCTs were available. Heterogeneity prevented meta-analysis.
CONCLUSION: GLP-1 RAs and co-agonists are efficacious for weight loss, with reported safety concerns predominantly gastrointestinal in nature, when used among adults with overweight or obesity and without diabetes.
PRIMARY FUNDING SOURCE: None. (PROSPERO: CRD42024505558).","https://pubmed.ncbi.nlm.nih.gov/39761578/",""
